<?xml version="1.0" encoding="UTF-8" standalone="no"?>
<catalog prefer="public" xmlns="urn:oasis:names:tc:entity:xmlns:xml:catalog">
    <uri id="Imports Wizard Entry" name="http://snomed.info/sct/900000000000207008/version/20140731" uri="SNOMED_module.owl"/>
    <uri id="Imports Wizard Entry" name="http://purl.obolibrary.org/obo/PR" uri="pr_module.owl"/>
    <uri id="Imports Wizard Entry" name="http://purl.bioontology.org/ontology/NCBITAXON" uri="ncbitaxon.owl"/>
    <uri id="Imports Wizard Entry" name="http://purl.obolibrary.org/obo/go/releases/2015-05-01/go.owl" uri="go_module.owl"/>
    <uri id="Imports Wizard Entry" name="ftp://ftp.ebi.ac.uk/pub/databases/chebi/ontology/chebi.owl" uri="chebi_module.owl"/>
    <uri id="Imports Wizard Entry" name="http://purl.obolibrary.org/obo/PR" uri="file:/C:/Users/filip/Documents/GitHub/ontos/Modularization/pr_module.owl"/>
    <uri id="Imports Wizard Entry" name="http://purl.obolibrary.org/obo/go/releases/2015-05-01/go.owl" uri="file:/C:/Users/filip/Documents/GitHub/ontos/Modularization/go_module.owl"/>
    <uri id="Imports Wizard Entry" name="http://purl.bioontology.org/ontology/NCBITAXON" uri="file:/C:/Users/filip/Documents/GitHub/ontos/Modularization/ncbitaxon.owl"/>
    <uri id="Imports Wizard Entry" name="http://purl.org/biotop/btl2.owl" uri="https://raw.githubusercontent.com/BioTopOntology/biotop/master/btl2.owl"/>
    <uri id="Imports Wizard Entry" name="ftp://ftp.ebi.ac.uk/pub/databases/chebi/ontology/chebi.owl" uri="file:/C:/Users/filip/Documents/GitHub/ontos/Modularization/chebi_module.owl"/>
    <group id="Folder Repository, directory=, recursive=true, Auto-Update=true, version=2" prefer="public" xml:base="">
        <uri id="Automatically generated entry, Timestamp=1469748654242" name="file:///C:/ontology/STAR_2015_10_3_1446596599306_module.owl" uri="chebi_module.owl"/>
        <uri id="Automatically generated entry, Timestamp=1469748654242" name="file:///C:/ontology/STAR_2015_9_19_1445283932980_module.owl" uri="pr_module.owl"/>
        <uri id="Automatically generated entry, Timestamp=1469748654242" name="http://purl.bioontology.org/ontology/NCBITAXON" uri="ncbitaxon.owl"/>
        <uri id="Automatically generated entry, Timestamp=1469748654242" name="http://purl.obolibrary.org/obo/go.owl" uri="go_module.owl"/>
        <uri id="Automatically generated entry, Timestamp=1469748654242" name="http://purl.org/biotop/btl2.owl" uri="Obsolete/btl2.owl"/>
        <uri id="Automatically generated entry, Timestamp=1469748654242" name="http://snomed.info/" uri="SNOMED_module.owl"/>
        <uri id="Automatically generated entry, Timestamp=1469748654242" name="http://www.cin.ufpe.br/~integrativo#" uri="integrativo.owl"/>
        <uri id="Automatically generated entry, Timestamp=1469748654242" name="http://www.cin.ufpe.br/~integrativo/integrativo.owl" uri="Obsolete/integrativo.owl"/>
        <uri id="Automatically generated entry, Timestamp=1469748654242" name="shadowed:file:///C:/ontology/STAR_2015_10_3_1446596599306_module.owl" uri="Obsolete/ChEBI/chebi_module.owl"/>
        <uri id="Automatically generated entry, Timestamp=1469748654242" name="shadowed:file:///C:/ontology/STAR_2015_9_19_1445283932980_module.owl" uri="Obsolete/Protein%20Ontology/pr_module.owl"/>
        <uri id="Automatically generated entry, Timestamp=1469748654242" name="shadowed:http://purl.bioontology.org/ontology/NCBITAXON" uri="Obsolete/NCBI/ncbitaxon.owl"/>
        <uri id="Automatically generated entry, Timestamp=1469748654242" name="shadowed:http://purl.obolibrary.org/obo/go.owl" uri="Obsolete/Gene%20Ontology/go_module.owl"/>
    </group>
</catalog>
